{
    "version": "2.24",
    "num_train_epochs": 3,
    "batch_size": 64,
    "learning_rate": 4.798782051341799e-05,
    "freezeLayer": 0,
    "early": 4,
    "weight_decay": 0.0017706485908551993,
    "warmup_ratio": 0.18234328597481217,
    "max_grad_norm": 0.6286820879610621,
    "gradient_accumulation_steps": 2
}